<?xml version="1.0" encoding="utf-8"?>
<Catalog>
    <CBehaviorBuff id="Invulnerable2">
        <InfoFlags index="Hidden" value="1"/>
        <BehaviorCategories index="Temporary" value="1"/>
        <EditorCategories value="Race:Protoss,AbilityorEffectType:Units"/>
        <MaxStackCount value="2"/>
    </CBehaviorBuff>
    <CBehaviorBuff id="ImmuneDamage">
        <Alignment value="Positive"/>
        <InfoFlags index="Hidden" value="1"/>
        <EditorCategories value="Race:Terran,AbilityorEffectType:Units"/>
        <DamageResponse ModifyFraction="0">
            <Chance value="1"/>
            <Cost>
                <Charge CountMax="2" CountStart="2" CountUse="1"/>
            </Cost>
        </DamageResponse>
    </CBehaviorBuff>
    <CBehaviorBuff id="PearInvuln">
        <EditorCategories value="AbilityorEffectType:Units"/>
        <DamageResponse Fatal="1" Handled="PearRevive" ModifyFraction="0">
            <Chance value="1"/>
        </DamageResponse>
    </CBehaviorBuff>
    <CBehaviorBuff id="UnitLevel">
        <BehaviorFlags index="Permanent" value="1"/>
        <InfoFlags index="Hidden" value="1"/>
        <MaxStackCount value="10"/>
    </CBehaviorBuff>
</Catalog>
