<?xml version="1.0" encoding="utf-8"?>
<Catalog>
    <CSound id="MetalMediumSliceEthereal">
        <AssetArray File="Assets\Sounds\Units\Combat\EtherealMediumHit1.wav"/>
        <AssetArray File="Assets\Sounds\Units\Combat\EtherealMediumHit2.wav"/>
        <AssetArray File="Assets\Sounds\Units\Combat\EtherealMediumHit3.wav"/>
        <Flags index="Download" value="1"/>
        <Flags index="Purgable" value="1"/>
        <Flags index="VariationFallback" value="1"/>
        <Flags index="AllowDuckingInPlayDelay" value="1"/>
        <Category value="Combat"/>
        <ConeAngle value="360.000000,360.000000"/>
        <ConeVolume value="1.000000,1.000000"/>
        <DopplerLevel value="1.000000"/>
        <DupeDestroyCount value="16"/>
        <DupeDestroyCountPerPlayer value="65535"/>
        <DupeFadeBlend value="Unknown"/>
        <DupeHistoryCount value="16"/>
        <DupeMuteCount value="10"/>
        <DupeMuteCountPerPlayer value="65535"/>
        <DupeRepeatCount value="65535"/>
        <DupeThresholdFadeTime value="500"/>
        <FogFadeBlend value="Unknown"/>
        <LowPassGain value="1.000000"/>
        <Mode value="3DWorld"/>
        <MuteFadeBlend value="Unknown"/>
        <OverlapPitchDelta value="0.022000"/>
        <OverlapTimeDelta value="250"/>
        <PanLevel value="1.000000"/>
        <Pitch value="0.950000,1.050000"/>
        <ResourcePriority value="32"/>
        <ReverbRolloffBlend value="Unknown"/>
        <Select value="Shuffle"/>
        <SpeakerMix index="FrontLeft" value="1.000000"/>
        <SpeakerMix index="FrontRight" value="1.000000"/>
        <SpeakerMix index="Center" value="1.000000"/>
        <SpeakerMix index="BackLeft" value="1.000000"/>
        <SpeakerMix index="BackRight" value="1.000000"/>
        <SpeakerMix index="SideLeft" value="1.000000"/>
        <SpeakerMix index="SideRight" value="1.000000"/>
        <SustainFade/>
        <SustainFade Time="500" Volume="-96.000000"/>
        <VolumeRolloffBlend value="Unknown"/>
        <VolumeRolloffFadeBlend value="Unknown"/>
    </CSound>
    <CSound id="MetalMediumSliceFlesh">
        <AssetArray File="Assets\Sounds\Units\Combat\MetalMediumSliceFlesh1.wav"/>
        <AssetArray File="Assets\Sounds\Units\Combat\MetalMediumSliceFlesh2.wav"/>
        <AssetArray File="Assets\Sounds\Units\Combat\MetalMediumSliceFlesh3.wav"/>
        <Flags index="Download" value="1"/>
        <Flags index="Purgable" value="1"/>
        <Flags index="VariationFallback" value="1"/>
        <Flags index="AllowDuckingInPlayDelay" value="1"/>
        <Category value="Combat"/>
        <ConeAngle value="360.000000,360.000000"/>
        <ConeVolume value="1.000000,1.000000"/>
        <DopplerLevel value="1.000000"/>
        <DupeDestroyCount value="16"/>
        <DupeDestroyCountPerPlayer value="65535"/>
        <DupeFadeBlend value="Unknown"/>
        <DupeHistoryCount value="16"/>
        <DupeMuteCount value="10"/>
        <DupeMuteCountPerPlayer value="65535"/>
        <DupeRepeatCount value="65535"/>
        <DupeThresholdFadeTime value="500"/>
        <FogFadeBlend value="Unknown"/>
        <LowPassGain value="1.000000"/>
        <Mode value="3DWorld"/>
        <MuteFadeBlend value="Unknown"/>
        <OverlapPitchDelta value="0.022000"/>
        <OverlapTimeDelta value="250"/>
        <PanLevel value="1.000000"/>
        <Pitch value="0.950000,1.050000"/>
        <ResourcePriority value="32"/>
        <ReverbRolloffBlend value="Unknown"/>
        <Select value="Shuffle"/>
        <SpeakerMix index="FrontLeft" value="1.000000"/>
        <SpeakerMix index="FrontRight" value="1.000000"/>
        <SpeakerMix index="Center" value="1.000000"/>
        <SpeakerMix index="BackLeft" value="1.000000"/>
        <SpeakerMix index="BackRight" value="1.000000"/>
        <SpeakerMix index="SideLeft" value="1.000000"/>
        <SpeakerMix index="SideRight" value="1.000000"/>
        <SustainFade/>
        <SustainFade Time="500" Volume="-96.000000"/>
        <VolumeRolloffBlend value="Unknown"/>
        <VolumeRolloffFadeBlend value="Unknown"/>
    </CSound>
    <CSound id="MetalMediumSliceMetal">
        <AssetArray File="Assets\Sounds\Units\Combat\MetalMediumSliceMetal1.wav"/>
        <AssetArray File="Assets\Sounds\Units\Combat\MetalMediumSliceMetal2.wav"/>
        <AssetArray File="Assets\Sounds\Units\Combat\MetalMediumSliceMetal3.wav"/>
        <Flags index="Download" value="1"/>
        <Flags index="Purgable" value="1"/>
        <Flags index="VariationFallback" value="1"/>
        <Flags index="AllowDuckingInPlayDelay" value="1"/>
        <Category value="Combat"/>
        <ConeAngle value="360.000000,360.000000"/>
        <ConeVolume value="1.000000,1.000000"/>
        <DopplerLevel value="1.000000"/>
        <DupeDestroyCount value="16"/>
        <DupeDestroyCountPerPlayer value="65535"/>
        <DupeFadeBlend value="Unknown"/>
        <DupeHistoryCount value="16"/>
        <DupeMuteCount value="10"/>
        <DupeMuteCountPerPlayer value="65535"/>
        <DupeRepeatCount value="65535"/>
        <DupeThresholdFadeTime value="500"/>
        <FogFadeBlend value="Unknown"/>
        <LowPassGain value="1.000000"/>
        <Mode value="3DWorld"/>
        <MuteFadeBlend value="Unknown"/>
        <OverlapPitchDelta value="0.022000"/>
        <OverlapTimeDelta value="250"/>
        <PanLevel value="1.000000"/>
        <Pitch value="0.950000,1.050000"/>
        <ResourcePriority value="32"/>
        <ReverbRolloffBlend value="Unknown"/>
        <Select value="Shuffle"/>
        <SpeakerMix index="FrontLeft" value="1.000000"/>
        <SpeakerMix index="FrontRight" value="1.000000"/>
        <SpeakerMix index="Center" value="1.000000"/>
        <SpeakerMix index="BackLeft" value="1.000000"/>
        <SpeakerMix index="BackRight" value="1.000000"/>
        <SpeakerMix index="SideLeft" value="1.000000"/>
        <SpeakerMix index="SideRight" value="1.000000"/>
        <SustainFade/>
        <SustainFade Time="500" Volume="-96.000000"/>
        <VolumeRolloffBlend value="Unknown"/>
        <VolumeRolloffFadeBlend value="Unknown"/>
    </CSound>
    <CSound id="MetalMediumSliceStone">
        <AssetArray File="Assets\Sounds\Units\Combat\MetalMediumSliceStone1.wav"/>
        <AssetArray File="Assets\Sounds\Units\Combat\MetalMediumSliceStone2.wav"/>
        <AssetArray File="Assets\Sounds\Units\Combat\MetalMediumSliceStone3.wav"/>
        <Flags index="Download" value="1"/>
        <Flags index="Purgable" value="1"/>
        <Flags index="VariationFallback" value="1"/>
        <Flags index="AllowDuckingInPlayDelay" value="1"/>
        <Category value="Combat"/>
        <ConeAngle value="360.000000,360.000000"/>
        <ConeVolume value="1.000000,1.000000"/>
        <DopplerLevel value="1.000000"/>
        <DupeDestroyCount value="16"/>
        <DupeDestroyCountPerPlayer value="65535"/>
        <DupeFadeBlend value="Unknown"/>
        <DupeHistoryCount value="16"/>
        <DupeMuteCount value="10"/>
        <DupeMuteCountPerPlayer value="65535"/>
        <DupeRepeatCount value="65535"/>
        <DupeThresholdFadeTime value="500"/>
        <FogFadeBlend value="Unknown"/>
        <LowPassGain value="1.000000"/>
        <Mode value="3DWorld"/>
        <MuteFadeBlend value="Unknown"/>
        <OverlapPitchDelta value="0.022000"/>
        <OverlapTimeDelta value="250"/>
        <PanLevel value="1.000000"/>
        <Pitch value="0.950000,1.050000"/>
        <ResourcePriority value="32"/>
        <ReverbRolloffBlend value="Unknown"/>
        <Select value="Shuffle"/>
        <SpeakerMix index="FrontLeft" value="1.000000"/>
        <SpeakerMix index="FrontRight" value="1.000000"/>
        <SpeakerMix index="Center" value="1.000000"/>
        <SpeakerMix index="BackLeft" value="1.000000"/>
        <SpeakerMix index="BackRight" value="1.000000"/>
        <SpeakerMix index="SideLeft" value="1.000000"/>
        <SpeakerMix index="SideRight" value="1.000000"/>
        <SustainFade/>
        <SustainFade Time="500" Volume="-96.000000"/>
        <VolumeRolloffBlend value="Unknown"/>
        <VolumeRolloffFadeBlend value="Unknown"/>
    </CSound>
    <CSound id="MetalMediumSliceWood">
        <AssetArray File="Assets\Sounds\Units\Combat\MetalMediumSliceWood1.wav"/>
        <AssetArray File="Assets\Sounds\Units\Combat\MetalMediumSliceWood2.wav"/>
        <AssetArray File="Assets\Sounds\Units\Combat\MetalMediumSliceWood3.wav"/>
        <Flags index="Download" value="1"/>
        <Flags index="Purgable" value="1"/>
        <Flags index="VariationFallback" value="1"/>
        <Flags index="AllowDuckingInPlayDelay" value="1"/>
        <Category value="Combat"/>
        <ConeAngle value="360.000000,360.000000"/>
        <ConeVolume value="1.000000,1.000000"/>
        <DopplerLevel value="1.000000"/>
        <DupeDestroyCount value="16"/>
        <DupeDestroyCountPerPlayer value="65535"/>
        <DupeFadeBlend value="Unknown"/>
        <DupeHistoryCount value="16"/>
        <DupeMuteCount value="10"/>
        <DupeMuteCountPerPlayer value="65535"/>
        <DupeRepeatCount value="65535"/>
        <DupeThresholdFadeTime value="500"/>
        <FogFadeBlend value="Unknown"/>
        <LowPassGain value="1.000000"/>
        <Mode value="3DWorld"/>
        <MuteFadeBlend value="Unknown"/>
        <OverlapPitchDelta value="0.022000"/>
        <OverlapTimeDelta value="250"/>
        <PanLevel value="1.000000"/>
        <Pitch value="0.950000,1.050000"/>
        <ResourcePriority value="32"/>
        <ReverbRolloffBlend value="Unknown"/>
        <Select value="Shuffle"/>
        <SpeakerMix index="FrontLeft" value="1.000000"/>
        <SpeakerMix index="FrontRight" value="1.000000"/>
        <SpeakerMix index="Center" value="1.000000"/>
        <SpeakerMix index="BackLeft" value="1.000000"/>
        <SpeakerMix index="BackRight" value="1.000000"/>
        <SpeakerMix index="SideLeft" value="1.000000"/>
        <SpeakerMix index="SideRight" value="1.000000"/>
        <SustainFade/>
        <SustainFade Time="500" Volume="-96.000000"/>
        <VolumeRolloffBlend value="Unknown"/>
        <VolumeRolloffFadeBlend value="Unknown"/>
    </CSound>
    <CSound id="NagaRoyalGuardPissed">
        <AssetArray File="Assets\Sounds\Units\Naga\NagaRoyalGuard\NagaRoyalGuardPissed1.ogg"/>
        <AssetArray File="Assets\Sounds\Units\Naga\NagaRoyalGuard\NagaRoyalGuardPissed2.ogg"/>
        <AssetArray File="Assets\Sounds\Units\Naga\NagaRoyalGuard\NagaRoyalGuardPissed3.ogg"/>
        <AssetArray File="Assets\Sounds\Units\Naga\NagaRoyalGuard\NagaRoyalGuardPissed4.ogg"/>
        <AssetArray File="Assets\Sounds\Units\Naga\NagaRoyalGuard\NagaRoyalGuardPissed5.ogg"/>
        <AssetArray File="Assets\Sounds\Units\Naga\NagaRoyalGuard\NagaRoyalGuardPissed6.ogg"/>
        <AssetArray File="Assets\Sounds\Units\Naga\NagaRoyalGuard\NagaRoyalGuardPissed7.ogg"/>
        <Flags index="Download" value="1"/>
        <Flags index="Ignorable" value="1"/>
        <Flags index="VariationFallback" value="1"/>
        <Flags index="AllowDuckingInPlayDelay" value="1"/>
        <Category value="Voice"/>
        <ConeAngle value="360.000000,360.000000"/>
        <ConeVolume value="1.000000,1.000000"/>
        <DopplerLevel value="1.000000"/>
        <DupeDestroyCount value="16"/>
        <DupeDestroyCountPerPlayer value="65535"/>
        <DupeFadeBlend value="Unknown"/>
        <DupeHistoryCount value="16"/>
        <DupeMuteCount value="10"/>
        <DupeMuteCountPerPlayer value="65535"/>
        <DupeRepeatCount value="65535"/>
        <DupeThresholdFadeTime value="500"/>
        <FogFadeBlend value="Unknown"/>
        <LowPassGain value="1.000000"/>
        <Mode value="3DWorld"/>
        <MuteFadeBlend value="Unknown"/>
        <OverlapPitchDelta value="0.022000"/>
        <OverlapTimeDelta value="250"/>
        <PanLevel value="0.750000"/>
        <Pitch value="0.990000,1.010000"/>
        <ResourcePriority value="32"/>
        <ReverbRolloffBlend value="Unknown"/>
        <Select value="Shuffle"/>
        <SpeakerMix index="FrontLeft" value="1.000000"/>
        <SpeakerMix index="FrontRight" value="1.000000"/>
        <SpeakerMix index="Center" value="1.000000"/>
        <SpeakerMix index="BackLeft" value="1.000000"/>
        <SpeakerMix index="BackRight" value="1.000000"/>
        <SpeakerMix index="SideLeft" value="1.000000"/>
        <SpeakerMix index="SideRight" value="1.000000"/>
        <SustainFade/>
        <SustainFade Time="250" Volume="-96.000000"/>
        <Volume value="6.000000,6.000000"/>
        <VolumeRolloffBlend value="Unknown"/>
        <VolumeRolloffFadeBlend value="Unknown"/>
    </CSound>
    <CSound id="NagaRoyalGuardReady">
        <AssetArray File="Assets\Sounds\Units\Naga\NagaRoyalGuard\NagaRoyalGuardReady1.ogg"/>
        <Flags index="Download" value="1"/>
        <Flags index="Ignorable" value="1"/>
        <Flags index="VariationFallback" value="1"/>
        <Flags index="AllowDuckingInPlayDelay" value="1"/>
        <Category value="Ready"/>
        <ConeAngle value="360.000000,360.000000"/>
        <ConeVolume value="1.000000,1.000000"/>
        <DopplerLevel value="1.000000"/>
        <DupeDestroyCount value="16"/>
        <DupeDestroyCountPerPlayer value="65535"/>
        <DupeFadeBlend value="Unknown"/>
        <DupeHistoryCount value="16"/>
        <DupeMuteCount value="10"/>
        <DupeMuteCountPerPlayer value="65535"/>
        <DupeRepeatCount value="65535"/>
        <DupeThresholdFadeTime value="500"/>
        <FogFadeBlend value="Unknown"/>
        <LowPassGain value="1.000000"/>
        <Mode value="3DWorld"/>
        <MuteFadeBlend value="Unknown"/>
        <OverlapPitchDelta value="0.022000"/>
        <OverlapTimeDelta value="250"/>
        <PanLevel value="0.750000"/>
        <Pitch value="0.990000,1.010000"/>
        <ResourcePriority value="32"/>
        <ReverbRolloffBlend value="Unknown"/>
        <Select value="Shuffle"/>
        <SpeakerMix index="FrontLeft" value="1.000000"/>
        <SpeakerMix index="FrontRight" value="1.000000"/>
        <SpeakerMix index="Center" value="1.000000"/>
        <SpeakerMix index="BackLeft" value="1.000000"/>
        <SpeakerMix index="BackRight" value="1.000000"/>
        <SpeakerMix index="SideLeft" value="1.000000"/>
        <SpeakerMix index="SideRight" value="1.000000"/>
        <SustainFade/>
        <SustainFade Time="250" Volume="-96.000000"/>
        <Volume value="6.000000,6.000000"/>
        <VolumeRolloffBlend value="Unknown"/>
        <VolumeRolloffFadeBlend value="Unknown"/>
    </CSound>
    <CSound id="NagaRoyalGuardWarcry">
        <AssetArray File="Assets\Sounds\Units\Naga\NagaRoyalGuard\NagaRoyalGuardWarcry1.ogg"/>
        <Flags index="Download" value="1"/>
        <Flags index="Ignorable" value="1"/>
        <Flags index="VariationFallback" value="1"/>
        <Flags index="AllowDuckingInPlayDelay" value="1"/>
        <Category value="Voice"/>
        <ConeAngle value="360.000000,360.000000"/>
        <ConeVolume value="1.000000,1.000000"/>
        <DopplerLevel value="1.000000"/>
        <DupeDestroyCount value="16"/>
        <DupeDestroyCountPerPlayer value="65535"/>
        <DupeFadeBlend value="Unknown"/>
        <DupeHistoryCount value="16"/>
        <DupeMuteCount value="10"/>
        <DupeMuteCountPerPlayer value="65535"/>
        <DupeRepeatCount value="65535"/>
        <DupeThresholdFadeTime value="500"/>
        <FogFadeBlend value="Unknown"/>
        <LowPassGain value="1.000000"/>
        <Mode value="3DWorld"/>
        <MuteFadeBlend value="Unknown"/>
        <OverlapPitchDelta value="0.022000"/>
        <OverlapTimeDelta value="250"/>
        <PanLevel value="0.750000"/>
        <Pitch value="0.990000,1.010000"/>
        <ResourcePriority value="32"/>
        <ReverbRolloffBlend value="Unknown"/>
        <Select value="Shuffle"/>
        <SpeakerMix index="FrontLeft" value="1.000000"/>
        <SpeakerMix index="FrontRight" value="1.000000"/>
        <SpeakerMix index="Center" value="1.000000"/>
        <SpeakerMix index="BackLeft" value="1.000000"/>
        <SpeakerMix index="BackRight" value="1.000000"/>
        <SpeakerMix index="SideLeft" value="1.000000"/>
        <SpeakerMix index="SideRight" value="1.000000"/>
        <SustainFade/>
        <SustainFade Time="250" Volume="-96.000000"/>
        <Volume value="6.000000,6.000000"/>
        <VolumeRolloffBlend value="Unknown"/>
        <VolumeRolloffFadeBlend value="Unknown"/>
    </CSound>
    <CSound id="NagaRoyalGuardWhat">
        <AssetArray File="Assets\Sounds\Units\Naga\NagaRoyalGuard\NagaRoyalGuardWhat1.ogg"/>
        <AssetArray File="Assets\Sounds\Units\Naga\NagaRoyalGuard\NagaRoyalGuardWhat2.ogg"/>
        <AssetArray File="Assets\Sounds\Units\Naga\NagaRoyalGuard\NagaRoyalGuardWhat3.ogg"/>
        <AssetArray File="Assets\Sounds\Units\Naga\NagaRoyalGuard\NagaRoyalGuardWhat4.ogg"/>
        <AssetArray File="Assets\Sounds\Units\Naga\NagaRoyalGuard\NagaRoyalGuardWhat5.ogg"/>
        <Flags index="Download" value="1"/>
        <Flags index="Ignorable" value="1"/>
        <Flags index="VariationFallback" value="1"/>
        <Flags index="AllowDuckingInPlayDelay" value="1"/>
        <Category value="Voice"/>
        <ConeAngle value="360.000000,360.000000"/>
        <ConeVolume value="1.000000,1.000000"/>
        <DopplerLevel value="1.000000"/>
        <DupeDestroyCount value="16"/>
        <DupeDestroyCountPerPlayer value="65535"/>
        <DupeFadeBlend value="Unknown"/>
        <DupeHistoryCount value="16"/>
        <DupeMuteCount value="10"/>
        <DupeMuteCountPerPlayer value="65535"/>
        <DupeRepeatCount value="65535"/>
        <DupeThresholdFadeTime value="500"/>
        <FogFadeBlend value="Unknown"/>
        <LowPassGain value="1.000000"/>
        <Mode value="3DWorld"/>
        <MuteFadeBlend value="Unknown"/>
        <OverlapPitchDelta value="0.022000"/>
        <OverlapTimeDelta value="250"/>
        <PanLevel value="0.750000"/>
        <Pitch value="0.990000,1.010000"/>
        <ResourcePriority value="32"/>
        <ReverbRolloffBlend value="Unknown"/>
        <Select value="Shuffle"/>
        <SpeakerMix index="FrontLeft" value="1.000000"/>
        <SpeakerMix index="FrontRight" value="1.000000"/>
        <SpeakerMix index="Center" value="1.000000"/>
        <SpeakerMix index="BackLeft" value="1.000000"/>
        <SpeakerMix index="BackRight" value="1.000000"/>
        <SpeakerMix index="SideLeft" value="1.000000"/>
        <SpeakerMix index="SideRight" value="1.000000"/>
        <SustainFade/>
        <SustainFade Time="250" Volume="-96.000000"/>
        <Volume value="6.000000,6.000000"/>
        <VolumeRolloffBlend value="Unknown"/>
        <VolumeRolloffFadeBlend value="Unknown"/>
    </CSound>
    <CSound id="NagaRoyalGuardYes">
        <AssetArray File="Assets\Sounds\Units\Naga\NagaRoyalGuard\NagaRoyalGuardYes1.ogg"/>
        <AssetArray File="Assets\Sounds\Units\Naga\NagaRoyalGuard\NagaRoyalGuardYes2.ogg"/>
        <AssetArray File="Assets\Sounds\Units\Naga\NagaRoyalGuard\NagaRoyalGuardYes3.ogg"/>
        <AssetArray File="Assets\Sounds\Units\Naga\NagaRoyalGuard\NagaRoyalGuardYes4.ogg"/>
        <Flags index="Download" value="1"/>
        <Flags index="Ignorable" value="1"/>
        <Flags index="VariationFallback" value="1"/>
        <Flags index="AllowDuckingInPlayDelay" value="1"/>
        <Category value="Voice"/>
        <ConeAngle value="360.000000,360.000000"/>
        <ConeVolume value="1.000000,1.000000"/>
        <DopplerLevel value="1.000000"/>
        <DupeDestroyCount value="16"/>
        <DupeDestroyCountPerPlayer value="65535"/>
        <DupeFadeBlend value="Unknown"/>
        <DupeHistoryCount value="16"/>
        <DupeMuteCount value="10"/>
        <DupeMuteCountPerPlayer value="65535"/>
        <DupeRepeatCount value="65535"/>
        <DupeThresholdFadeTime value="500"/>
        <FogFadeBlend value="Unknown"/>
        <LowPassGain value="1.000000"/>
        <Mode value="3DWorld"/>
        <MuteFadeBlend value="Unknown"/>
        <OverlapPitchDelta value="0.022000"/>
        <OverlapTimeDelta value="250"/>
        <PanLevel value="0.750000"/>
        <Pitch value="0.990000,1.010000"/>
        <ResourcePriority value="32"/>
        <ReverbRolloffBlend value="Unknown"/>
        <Select value="Shuffle"/>
        <SpeakerMix index="FrontLeft" value="1.000000"/>
        <SpeakerMix index="FrontRight" value="1.000000"/>
        <SpeakerMix index="Center" value="1.000000"/>
        <SpeakerMix index="BackLeft" value="1.000000"/>
        <SpeakerMix index="BackRight" value="1.000000"/>
        <SpeakerMix index="SideLeft" value="1.000000"/>
        <SpeakerMix index="SideRight" value="1.000000"/>
        <SustainFade/>
        <SustainFade Time="250" Volume="-96.000000"/>
        <Volume value="6.000000,6.000000"/>
        <VolumeRolloffBlend value="Unknown"/>
        <VolumeRolloffFadeBlend value="Unknown"/>
    </CSound>
    <CSound id="NagaRoyalGuardYesAttack">
        <AssetArray File="Assets\Sounds\Units\Naga\NagaRoyalGuard\NagaRoyalGuardYesAttack1.ogg"/>
        <AssetArray File="Assets\Sounds\Units\Naga\NagaRoyalGuard\NagaRoyalGuardYesAttack2.ogg"/>
        <AssetArray File="Assets\Sounds\Units\Naga\NagaRoyalGuard\NagaRoyalGuardYesAttack3.ogg"/>
        <Flags index="Download" value="1"/>
        <Flags index="Ignorable" value="1"/>
        <Flags index="VariationFallback" value="1"/>
        <Flags index="AllowDuckingInPlayDelay" value="1"/>
        <Category value="Voice"/>
        <ConeAngle value="360.000000,360.000000"/>
        <ConeVolume value="1.000000,1.000000"/>
        <DopplerLevel value="1.000000"/>
        <DupeDestroyCount value="16"/>
        <DupeDestroyCountPerPlayer value="65535"/>
        <DupeFadeBlend value="Unknown"/>
        <DupeHistoryCount value="16"/>
        <DupeMuteCount value="10"/>
        <DupeMuteCountPerPlayer value="65535"/>
        <DupeRepeatCount value="65535"/>
        <DupeThresholdFadeTime value="500"/>
        <FogFadeBlend value="Unknown"/>
        <LowPassGain value="1.000000"/>
        <Mode value="3DWorld"/>
        <MuteFadeBlend value="Unknown"/>
        <OverlapPitchDelta value="0.022000"/>
        <OverlapTimeDelta value="250"/>
        <PanLevel value="0.750000"/>
        <Pitch value="0.990000,1.010000"/>
        <ResourcePriority value="32"/>
        <ReverbRolloffBlend value="Unknown"/>
        <Select value="Shuffle"/>
        <SpeakerMix index="FrontLeft" value="1.000000"/>
        <SpeakerMix index="FrontRight" value="1.000000"/>
        <SpeakerMix index="Center" value="1.000000"/>
        <SpeakerMix index="BackLeft" value="1.000000"/>
        <SpeakerMix index="BackRight" value="1.000000"/>
        <SpeakerMix index="SideLeft" value="1.000000"/>
        <SpeakerMix index="SideRight" value="1.000000"/>
        <SustainFade/>
        <SustainFade Time="250" Volume="-96.000000"/>
        <Volume value="6.000000,6.000000"/>
        <VolumeRolloffBlend value="Unknown"/>
        <VolumeRolloffFadeBlend value="Unknown"/>
    </CSound>
</Catalog>
